,address_composite
0,"8030 FM 1765 STE A101, GALVESTON County, TX 77591"
1,"12319 BELLAIRE BLVD STE 700, HARRIS County, TX 77072"
2,"6355 S.  PEEK RD STE. 90, FORT BEND County, TX 77407"
3,"921 CYPRESS CREEK PKWY STE 115B, HARRIS County, TX 77090"
4,"645 US BUSINESS 290 E , WALLER County, TX 77445"
5,"5130 HALLAM ROAD , GALVESTON County, TX 77568"
6,"13712 WALTERS RD STE 110, HARRIS County, TX 77014"
7,"9903 S DAIRY ASHFORD RD APT 4301, HARRIS County, TX 77099"
8,"22762 WESTHEIMER PKWY STE 455, FORT BEND County, TX 77450"
9,"2400 FM 1488 STE 900, MONTGOMERY County, TX 77384"
10,"10403 KATY FWY STE 220, HARRIS County, TX 77024"
11,"795 FISH CREEK THOROUGHFARE SUITE 140, MONTGOMERY County, TX 77316"
12,"9803 SPRING CYPRESS RD STE 100, HARRIS County, TX 77070"
13,"12603 LOUETTA RD STE 112, HARRIS County, TX 77429"
14,"11240 FM 1960 RD W STE 205, HARRIS County, TX 77065"
15,"10600 BELLAIRE BLVD STE 111, HARRIS County, TX 77072"
16,"20435 OAK LODGE MEADOW DR , HARRIS County, TX 77338"
17,"9720 JONES RD STE 160, HARRIS County, TX 77065"
18,"14831 WAYNEWOOD DR , HARRIS County, TX 77429"
19,"13613 SABLEGLEN ST , HARRIS County, TX 77014"
20,"10611 PINE LANDING DR UNIT B, HARRIS County, TX 77088"
21,"14903 DUNWOODY BND , HARRIS County, TX 77429"
22,"9910 FUQUA ST STE H, HARRIS County, TX 77075"
23,"12289 W HOUSTON CENTER BLVD STE 200, HARRIS County, TX 77082"
24,"19221 W LITTLE YORK RD STE 100, HARRIS County, TX 77449"
25,"400 PARK LANE PB # 33, HARRIS County, TX 77506"
26,"8273 PARK PLACE BVLD APT 33, HARRIS County, TX 77017"
27,"8273 PARK PLACE BLVD APT 39, HARRIS County, TX 77017"
28,"5258 LOUETTA RD STE 190, HARRIS County, TX 77379"
29,"1721 STERLING LAKES WEST DRIVE , BRAZORIA County, TX 77583"
30,"300 N HIGHWAY 146 , HARRIS County, TX 77520"
31,"14442 FONMEADOW DR , HARRIS County, TX 77035"
32,"14360 BELLAIRE BLVD STE 124, HARRIS County, TX 77083"
33,"13127 CANDLEWOOD GLEN LN , HARRIS County, TX 77014"
34,"10904 SCARSDALE BLVD STE 300, HARRIS County, TX 77089"
35,"20144 MORTON RD 100, HARRIS County, TX 77449"
36,"8014 CADEN MILLS LN , FORT BEND County, TX 77407"
37,"1420 KATY FLEWELLEN RD STE A-400, FORT BEND County, TX 77494"
38,"12450 BISSONNET ST STE 110, HARRIS County, TX 77099"
39,"17118 W LITTLE YORK RD STE 101, HARRIS County, TX 77084"
40,"4200 FALL LAKES DR , MONTGOMERY County, TX 77386"
41,"15633 WESTPARK DR STE 100, HARRIS County, TX 77082"
42,"16140 KUYKENDAHL RD STE 128, HARRIS County, TX 77068"
43,"13307 FM 1764 & 3606 AVE S , GALVESTON County, TX 77510"
44,"5803 N FRY RD STE 114, HARRIS County, TX 77449"
45,"4022 ANGEL SPRINGS DR , FORT BEND County, TX 77479"
46,"5618 H. Mark Crosswell  Street Jr, HARRIS County, TX 77021"
47,"12283A VETERANS MEMORIAL DR , HARRIS County, TX 77067"
48,"825 PLANTATION DR STE 100, FORT BEND County, TX 77406"
49,"1001 MCKINNEY ST STE 170, HARRIS County, TX 77002"
50,"3220 KIRBY DR STE 160, BRAZORIA County, TX 77584"
51,"712 E TIDWELL RD STE J, HARRIS County, TX 77022"
52,"4025 S MASON RD , FORT BEND County, TX 77450"
53,"2955 S SAM HOUSTON PKWY E #600, HARRIS County, TX 77047"
54,"6380 HIGHWAY 90A , FORT BEND County, TX 77498"
55,"4800 PORT AEGEAN DRIVE , HARRIS County, TX 77388"
56,"1522 E 32ND 1/2 ST , HARRIS County, TX 77022"
57,"20211 S UNIVERSITY BLVD , FORT BEND County, TX 77459"
58,"23714 SPRINGWOLF DR , HARRIS County, TX 77373"
59,"23144 CINCO RANCH BLVD STE H, FORT BEND County, TX 77494"
60,"779 NORMANDY ST # 100, HARRIS County, TX 77015"
61,"12402 HIGHWAY 6 , FORT BEND County, TX 77545"
62,"14545 HIGHWAY 105 W , MONTGOMERY County, TX 77304"
63,"5115 F M 646 S , GALVESTON County, TX 77510"
64,"1003 GULF BANK RD TRLR 6, HARRIS County, TX 77037"
65,"12033 ST HWY 6 STE 1100, FORT BEND County, TX 77545"
66,"2098 W MAIN ST , GALVESTON County, TX 77573"
67,"2530 S PEEK RD , FORT BEND County, TX 77450"
68,"16305 WESTHEIMER RD STE 111, HARRIS County, TX 77082"
69,"16233 CLAY RD STE 300, HARRIS County, TX 77084"
70,"14144 WESTHEIMER RD STE 88, HARRIS County, TX 77077"
71,"3322 YELLOWSTONE BLVD BLDG 32, HARRIS County, TX 77021"
72,"8350 HIGHWAY 6 N , HARRIS County, TX 77095"
73,"10851 SCARSDALE BLVD STE 700, HARRIS County, TX 77089"
74,"3810 HIGHWAY 124 , CHAMBERS County, TX 77665"
75,"13331 Kuykendahl  Suite 101 & Suite 122, HARRIS County, TX 77090"
76,"1214 HIGHWAY 90 W , AUSTIN County, TX 77474"
77,"9920 HIGHWAY 90A STE B290, FORT BEND County, TX 77478"
78,"7002 WATER GLEN LN , BRAZORIA County, TX 77578"
79,"5910 S MASON RD , FORT BEND County, TX 77450"
80,"16628 HIGHWAY 36 , FORT BEND County, TX 77461"
81,"6706A W AIRPORT BLVD , HARRIS County, TX 77071"
82,"5507 F M 2100 , HARRIS County, TX 77532"
83,"1334 Runneburg RD PO Box 1385 , HARRIS County, TX 77532"
84,"13715 SUNMOUNT PINES DR , FORT BEND County, TX 77083"
85,"8250 PARK PLACE BLVD APT 207, HARRIS County, TX 77017"
86,"11411 WINDFERN RD STE 290, HARRIS County, TX 77064"
87,"15118 JEREK DR , FORT BEND County, TX 77053"
88,"17522B LINER LN , HARRIS County, TX 77095"
89,"14300 CORNERSTONE VILLAGE DR STE 212, HARRIS County, TX 77014"
90,"8830 OLD GALVESTON RD BLDG D, HARRIS County, TX 77034"
91,"3700 N HIGHWAY 146 , HARRIS County, TX 77520"
92,"27427 DECKER PRAIRIE ROSEHL R , MONTGOMERY County, TX 77355"
93,"23939 BUSHEL PARK DR , HARRIS County, TX 77447"
94,"19400 W BELLFORT ST APT 1116, FORT BEND County, TX 77407"
95,"18650 LANSDOWNE STREAM PATH , HARRIS County, TX 77449"
96,"1320 W BRAZOS AVE , BRAZORIA County, TX 77486"
97,"18115 BUDDY RILEY BLVD , MONTGOMERY County, TX 77354"
98,"8927 WESTFIELD GLEN CT , FORT BEND County, TX 77083"
99,"4800 W MAIN ST , GALVESTON County, TX 77573"
100,"3111 HIGHWAY 6 , FORT BEND County, TX 77478"
101,"1502 CHERRYBROOK LN , HARRIS County, TX 77502"
102,"7003 BISSONNET ST APT 101, HARRIS County, TX 77074"
103,"14741 CHAPMAN WOODS CROSSINGS  APT 313, HARRIS County, TX 77044"
104,"1100 ROY ST BLDG A, HARRIS County, TX 77007"
105,"5211 BARKER CYPRESS RD STE 124, HARRIS County, TX 77084"
106,"8642 HIGHWAY 6 N , HARRIS County, TX 77095"
107,"6230 HIGHWAY 6 S , HARRIS County, TX 77083"
108,"8510 ALMEDA GENOA RD STE 404, HARRIS County, TX 77075"
109,"4888 HIGHWAY 90A STE 500, FORT BEND County, TX 77498"
110,"7873 HIGHWAY 6 S , HARRIS County, TX 77083"
111,"10950 BISSONNET ST STE A350, HARRIS County, TX 77099"
112,"2910 53RD ST , GALVESTON County, TX 77551"
113,"2205 W MAIN ST , GALVESTON County, TX 77573"
114,"3815 FRY RD STE 100, HARRIS County, TX 77449"
115,"4835 HIGHWAY 6 , FORT BEND County, TX 77459"
116,"809  S Friendswood DR 811 S Friendswood DR, GALVESTON County, TX 77546"
117,"30610 SECOND ST , FORT BEND County, TX 77441"
118,"520 GULF BANK RD TRLR 252, HARRIS County, TX 77037"
119,"13031 SILVERGLEN RUN TRL , HARRIS County, TX 77014"
120,"7306 W TIDWELL RD STE 120, HARRIS County, TX 77040"
121,"9722 HIGHWAY 90A STE 111, FORT BEND County, TX 77478"
122,"1699 ROMANO PARK LN APT 422, HARRIS County, TX 77090"
123,"8416 BROADWAY ST STE 140, BRAZORIA County, TX 77584"
124,"4709 HIGHWAY 36 S STE 1, FORT BEND County, TX 77471"
125,"9303 W SAM HOUSTON PKWY S STE 175, HARRIS County, TX 77099"
126,"19606 PARK ROW APT 616, HARRIS County, TX 77084"
127,"17099 WALDEN RD STE 280, MONTGOMERY County, TX 77356"
128,"21024 W BELLFORT , FORT BEND County, TX 77406"
129,"6420 FM 1463 RD STE 400, FORT BEND County, TX 77494"
130,"1610 W 34TH 1/2 ST , HARRIS County, TX 77018"
131,"2655 S MASON RD , FORT BEND County, TX 77450"
132,"13123 HIGHWAY 105 W , MONTGOMERY County, TX 77304"
133,"2849 MILLER RANCH RD STE 505, BRAZORIA County, TX 77584"
134,"7055 HIGHWAY 6 S , HARRIS County, TX 77083"
135,"2020 SOLO ST BLDG 1, HARRIS County, TX 77020"
136,"2280 S BYPASS 35 , BRAZORIA County, TX 77511"
137,"8565 W SAM HOUSTON PKWY S APT 1803, HARRIS County, TX 77072"
138,"6840 S MASON RD , FORT BEND County, TX 77450"
139,"12514 SILVERSMINE DR , HARRIS County, TX 77014"
140,"6401 RANCHESTER DR APT 150, HARRIS County, TX 77036"
141,"18510 TALL WOODS PL , HARRIS County, TX 77084"
142,"16618 CLAY RD STE 400, HARRIS County, TX 77084"
143,"12535 MAGNOLIA CYN , HARRIS County, TX 77099"
144,"815 GREEN PINES FRST , HARRIS County, TX 77067"
145,"8500 COOK RD STE H, HARRIS County, TX 77072"
146,"3901 SPENCER HWY STE 150, HARRIS County, TX 77504"
147,"13825 ARBOR MEADOWS LN , BRAZORIA County, TX 77584"
148,"10300 WESTOFFICE DR STE 200, HARRIS County, TX 77042"
149,"26131 KUYKENDAHL RD STE 302, HARRIS County, TX 77375"
150,"8404 KATY FWY STE 200, HARRIS County, TX 77024"
151,"1209 CONRAD SAUER DR BLDG A, HARRIS County, TX 77043"
152,"8000 RESEARCH FOREST DR STE 165, MONTGOMERY County, TX 77382"
153,"1816 PEARLAND PKWY STE 150, BRAZORIA County, TX 77581"
154,"10100 KLECKLEY DR STE A2, HARRIS County, TX 77075"
155,"15024 HIGHWAY 6 , BRAZORIA County, TX 77583"
156,"6407 CROSS CREEK BND , FORT BEND County, TX 77441"
157,"1906 COUNTRY PLACE PKWY , BRAZORIA County, TX 77584"
158,"4434 COUNTY ROAD 94 , BRAZORIA County, TX 77578"
159,"7613A WADE RD , HARRIS County, TX 77521"
160,"5747 SAVANNA PASTURE RD , HARRIS County, TX 77493"
161,"6307 BROADWAY ST STE 111, BRAZORIA County, TX 77581"
162,"6114 RENWICK DR APT 127B, HARRIS County, TX 77081"
163,"12020 N GESSNER RD APT 6102, HARRIS County, TX 77064"
164,"7718 CANDLEGREEN LN , HARRIS County, TX 77071"
165,"12951 BRIAR FOREST DR APT 802, HARRIS County, TX 77077"
166,"21803 MEADOWHILL DR , HARRIS County, TX 77388"
167,"2101 NASA PKWY BLDG 211, HARRIS County, TX 77058"
168,"3227 KNOLL WEST DR , HARRIS County, TX 77082"
169,"2320 E LEAGUE CITY PKWY , GALVESTON County, TX 77573"
170,"23823 TRIBANO CT , HARRIS County, TX 77493"
171,"5150 E BELTWAY 8 , HARRIS County, TX 77015"
172,"22424 IMPERIAL VALLEY DR STE 900, HARRIS County, TX 77073"
173,"6515 MARTIN LUTHER KING BLVD , HARRIS County, TX 77033"
174,"7300 S MASON RD , FORT BEND County, TX 77407"
175,"1420 KATY FORT BEND RD STE 100, HARRIS County, TX 77493"
176,"4500 HIGHWAY 6 N STE C, HARRIS County, TX 77084"
177,"7110 MOUNTAIN PRAIRIE DR , HARRIS County, TX 77433"
178,"12130 ANTOINE DR STE H, HARRIS County, TX 77066"
179,"303 SPRUCE ST & 333 SPRUCE ST , GALVESTON County, TX 77539"
180,"12125 HIGHWAY 6 STE C, FORT BEND County, TX 77545"
181,"3811 RAOUL WALLENBERG LN , FORT BEND County, TX 77459"
182,"11035 COUNTY ROAD 59 , BRAZORIA County, TX 77584"
183,"19415 F M 1485 , MONTGOMERY County, TX 77357"
184,"13180 WESTPARK DR STE 109, HARRIS County, TX 77082"
185,"12458 HWY 146 N , LIBERTY County, TX 77561"
186,"5950 S GESSNER RD STE J, HARRIS County, TX 77036"
187,"9607 BROADWAY ST STE 115, BRAZORIA County, TX 77584"
188,"23110 KUYKENDAHL RD STE 200, HARRIS County, TX 77375"
189,"9907 S HIGHWAY 6 STE 390, FORT BEND County, TX 77498"
190,"605 RILEY FUZZELL RD , HARRIS County, TX 77373"
191,"2430 COUNTY ROAD 90 , BRAZORIA County, TX 77584"
192,"11118 S HIGHWAY 6 , FORT BEND County, TX 77498"
193,"24345 GOSLING RD STE 140, HARRIS County, TX 77389"
194,"13630 BEAMER RD STE 118, HARRIS County, TX 77089"
195,"15655 WESTHEIMER RD STE 111, HARRIS County, TX 77082"
196,"14022 MAGNUS LN , FORT BEND County, TX 77083"
197,"9218 LAKESHORES LAGOON , HARRIS County, TX 77433"
198,"7227 PORT ALEXANDER WAY , FORT BEND County, TX 77083"
199,"4700 S KIRKWOOD RD APT 1413, HARRIS County, TX 77072"
200,"2325 C R 90 , BRAZORIA County, TX 77584"
201,"3710 HIGHWAY 6 S , HARRIS County, TX 77082"
202,"401 W BRAZOS AVE , BRAZORIA County, TX 77486"
203,"5920 F M 2920 , HARRIS County, TX 77388"
204,"14503 BAMMEL NORTH HOUSTON RD STE 370, HARRIS County, TX 77014"
205,"2200 SPEARS RD STE 180, HARRIS County, TX 77067"
206,"2320 LA BRANCH ST STE 130C, HARRIS County, TX 77004"
207,"3850 ASHBUMHAM DRIVE , HARRIS County, TX 77082"
208,"13903 CYPRESS NORTH HOUSTON R , HARRIS County, TX 77429"
209,"8063 E NORTH BELT , HARRIS County, TX 77396"
210,"1400 BYPASS F M 1960 E , HARRIS County, TX 77338"
211,"20423 KUYKENDAHL RD STE 400, HARRIS County, TX 77379"
212,"5550 CHARRIN DR UNIT 2, HARRIS County, TX 77032"
213,"9514 S DAIRY ASHFORD RD APT 203, HARRIS County, TX 77099"
214,"23746 SPRINGWOLF DR , HARRIS County, TX 77373"
215,"10310 ROUKEN GLEN CT , FORT BEND County, TX 77407"
216,"1331 HIGHWAY 6 , FORT BEND County, TX 77478"
217,"815 TOWN AND COUNTRY LN , HARRIS County, TX 77024"
218,"19250 GULFBROOK DR , GALVESTON County, TX 77546"
219,"14511 1/2 WOODFOREST BLVD , HARRIS County, TX 77015"
220,"1210 N POST OAK RD STE 150, HARRIS County, TX 77055"
221,"303 MOREHEAD RD , CHAMBERS County, TX 77514"
222,"545 FM 2977 RD #100, FORT BEND County, TX 77469"
223,"19433 TC JESTER BLVD BUILDING C, HARRIS County, TX 77379"
224,"1602 AVENUE D STE 800, HARRIS County, TX 77493"
225,"11420 DAIRY ASHFORD RD STE 110, FORT BEND County, TX 77478"
226,"12005 COUNTY ROAD 59 , BRAZORIA County, TX 77584"
227,"31101 F M 2978 , MONTGOMERY County, TX 77354"
228,"641 RANKIN RD STE 600, HARRIS County, TX 77073"
229,"18590 ENGLIN RD , CHAMBERS County, TX 77665"
230,"1655 F M 528 , HARRIS County, TX 77598"
231,"12320 CYPRESS NORTH HOUSTON R , HARRIS County, TX 77429"
232,"18200 S PARKVIEW DR , HARRIS County, TX 77084"
233,"11596 BEECHNUT ST # 1/2, HARRIS County, TX 77072"
234,"2541 S BYPASS 35 , BRAZORIA County, TX 77511"
235,"19002 GOLDMAR CT , HARRIS County, TX 77073"
236,"18138 GOLDEN FALLS LN , HARRIS County, TX 77379"
237,"13710 BRANFORD GREENS DR , HARRIS County, TX 77083"
238,"9135 BEARCOVE CIR , HARRIS County, TX 77064"
239,"780 CLEPPER STE 300, MONTGOMERY County, TX 77356"
240,"6703 MISSION BELL DR , FORT BEND County, TX 77083"
241,"12207 HIGHWAY 6 STE M, FORT BEND County, TX 77545"
242,"3505 S DAIRY ASHFORD RD STE 100, HARRIS County, TX 77082"
243,"8431A N FM 565 RD , CHAMBERS County, TX 77523"
244,"9437 HIGHWAY 6 S , FORT BEND County, TX 77083"
245,"24527 GOSLING RD BLDG G, HARRIS County, TX 77389"
246,"14222 KIMBERLEY LN APT 431, HARRIS County, TX 77079"
247,"5500 EL CAMINO DEL REY ST APT 3411, HARRIS County, TX 77081"
248,"8307 BALLINA RIDGE CT , FORT BEND County, TX 77083"
249,"19626 COZY CABBIN DR , HARRIS County, TX 77449"
250,"9221 PAGEWOOD LN APT 322, HARRIS County, TX 77063"
251,"10134 WHITEBROOK DR , HARRIS County, TX 77038"
252,"2501 S MASON RD STE 290B, FORT BEND County, TX 77450"
253,"18920 MAYDE CREEK RD , HARRIS County, TX 77084"
254,"12195 B HIGHWAY 146 N , LIBERTY County, TX 77575"
255,"13710 F M 1485 , MONTGOMERY County, TX 77303"
256,"12023 COTTAGE ELM CT , HARRIS County, TX 77089"
257,"2230 BUCKTHORNE PL STE 130, MONTGOMERY County, TX 77380"
258,"7233 S MASON RD , FORT BEND County, TX 77407"
259,"9305 SPRING CYPRESS RD STE 102, HARRIS County, TX 77379"
260,"2004 S MASON RD , HARRIS County, TX 77450"
261,"2525 COUNTY ROAD 90 , BRAZORIA County, TX 77584"
262,"9907 KNIGHTS CREST DR , FORT BEND County, TX 77083"
263,"2803 53RD ST , GALVESTON County, TX 77551"
264,"802 RANKIN RD STE B3, HARRIS County, TX 77073"
265,"11703 EASTEX FWY STE B1, HARRIS County, TX 77039"
266,"103 N BLUNK ST , BRAZORIA County, TX 77566"
267,"1801 COUNTRY PLACE PKWY STE 101, BRAZORIA County, TX 77584"
268,"13738 BRANFORD GREENS DR , HARRIS County, TX 77083"
269,"4710 WESTERN BROOK DR , HARRIS County, TX 77388"
270,"19619 COZY CABBIN DR , HARRIS County, TX 77449"
271,"20907 PASSELANDE DR , HARRIS County, TX 77375"
272,"7934 HIGHWAY 6 N , HARRIS County, TX 77095"
273,"10603 BLACKHAWK BLVD BLDG B, HARRIS County, TX 77089"
274,"2050 F M 2920 , HARRIS County, TX 77388"
275,"2200 F M 1092 J & K , FORT BEND County, TX 77459"
276,"980 F M 1092 , FORT BEND County, TX 77459"
277,"13735 BRANFORD GREENS DR , HARRIS County, TX 77083"
278,"8200 BROADWAY ST APT 301S, HARRIS County, TX 77061"
279,"8250 PARK PLACE BLVD APT 403, HARRIS County, TX 77017"
280,"20706 CASTLEMILLS CT , HARRIS County, TX 77450"
281,"12311 MAGNOLIA CYN , HARRIS County, TX 77099"
282,"12026 PARKERS HIDEAWAY DR , HARRIS County, TX 77089"
283,"3527 HIGHWAY 6 STE 110, FORT BEND County, TX 77478"
284,"11711 CYPRESS NORTH HOUSTON R , HARRIS County, TX 77429"
285,"14400 W SYLVANFIELD DR , HARRIS County, TX 77014"
286,"3320 F M 1960 W , HARRIS County, TX 77068"
287,"3100 CLEBURNE MITCHELL ANX , HARRIS County, TX 77004"
288,"11124 S HIGHWAY 6 , FORT BEND County, TX 77498"
289,"11720 BROADWAY ST STE 120, BRAZORIA County, TX 77584"
290,"15414 HILLSIDE MILL DR , HARRIS County, TX 77396"
291,"9892B WESTPARK DR , HARRIS County, TX 77063"
292,"18419 GRAYSON BLUFF WAY , FORT BEND County, TX 77407"
293,"4400 BOONE RD APT 351, HARRIS County, TX 77072"
294,"11931 GOLDEN LODGE LN , HARRIS County, TX 77066"
295,"4814 1/2 ANDERSON RD , HARRIS County, TX 77053"
296,"21330 ALDINE WESTFIELD RD STE 101, HARRIS County, TX 77338"
297,"7820 FM 1960 RD E STE 207, HARRIS County, TX 77346"
298,"3 GREENWAY PLZ STE 100, HARRIS County, TX 77046"
299,"5015 WESTHEIMER ST STE A423, HARRIS County, TX 77056"
300,"2350 C R 94 , BRAZORIA County, TX 77584"
301,"13229 HIGHWAY 105 W , MONTGOMERY County, TX 77304"
302,"535 DAVIS BEND RD UNIT A, BRAZORIA County, TX 77511"
303,"6717 STUEBNER AIRLINE RD STE 202, HARRIS County, TX 77091"
304,"18607 WEEPING SPRING DR , HARRIS County, TX 77429"
305,"13806 CRYSTAL HARBOR LN , BRAZORIA County, TX 77584"
306,"2950 BROADWAY ST BLDG F, HARRIS County, TX 77017"
307,"5310 SHERMAN AKA 202 DELMAR ST , HARRIS County, TX 77011"
308,"10570 SYNOTT RD STE 99, FORT BEND County, TX 77498"
309,"18218 HIGHWAY 6 , BRAZORIA County, TX 77578"
310,"4040 SYNOTT RD APT 909, HARRIS County, TX 77082"
311,"5353 RIDGE CREEK CIR , FORT BEND County, TX 77053"
312,"3516 W MAIN ST , GALVESTON County, TX 77573"
313,"18812 NOBLE SEVEN ST , FORT BEND County, TX 77479"
314,"26481 F M 2090 E , MONTGOMERY County, TX 77372"
315,"8207 IVY WOOD CT , BRAZORIA County, TX 77583"
316,"5201 VINETT AVE , HARRIS County, TX 77017"
317,"330 SWORDS BND , FORT BEND County, TX 77477"
318,"18418 ATASCA WOODS TRCE , HARRIS County, TX 77346"
319,"7751 BARKER CYPRESS RD STE 1200, HARRIS County, TX 77433"
320,"12419 TYLER SPRINGS LN , HARRIS County, TX 77346"
321,"1307 AND 1321 WIRT RD , HARRIS County, TX 77055"
322,"22770 HIGHWAY 59 N , MONTGOMERY County, TX 77339"
323,"7000 COOK RD APT 512, HARRIS County, TX 77072"
324,"22314 BANDERA PALMS CT , HARRIS County, TX 77449"
325,"12603 NORTHBOROUGH DR APT 1307, HARRIS County, TX 77067"
326,"15111 JEREK DR , FORT BEND County, TX 77053"
327,"6655 LONDON ST BLDG A, HARRIS County, TX 77021"
328,"22 E OLD FIELD DR , HARRIS County, TX 77336"
329,"10011 STEEP BANK TRCE , FORT BEND County, TX 77459"
330,"8717 SCANLAN TRCE , FORT BEND County, TX 77459"
331,"10010 STEEP BANK TRCE , FORT BEND County, TX 77459"
332,"341 E RICHEY RD BLDG B, HARRIS County, TX 77073"
333,"5344B FM 1960 RD E , HARRIS County, TX 77346"
334,"425 ENGELKING ST , AUSTIN County, TX 77474"
335,"1685 &1675 S DAIRY ASHFORD , HARRIS County, TX 77077"
336,"4527 COUNTY ROAD 158 , BRAZORIA County, TX 77511"
337,"14634 HIGHWAY 6 , BRAZORIA County, TX 77583"
338,"18855 W LITTLE YORK RD STE 200, HARRIS County, TX 77449"
339,"2944 S MASON RD , FORT BEND County, TX 77450"
340,"17502 W STRACK DR , HARRIS County, TX 77379"
341,"1711 F M 1960 W , HARRIS County, TX 77090"
342,"16628 HIGHWAY 36 , FORT BEND County, TX 77461"
343,"5119 MARTIN LUTHER KING BLVD , HARRIS County, TX 77021"
344,"24922 TOMBALL PKWY STE 118, HARRIS County, TX 77375"
345,"4920 COUNTY ROAD 48 , BRAZORIA County, TX 77583"
346,"2855 SPRING TRAILS BND , MONTGOMERY County, TX 77386"
347,"13333 SOUTHWEST FWY STE 200, FORT BEND County, TX 77478"
348,"1318 N HIGHWAY 288B , BRAZORIA County, TX 77531"
349,"5614 H MARK CROSSWELL JR ST , HARRIS County, TX 77021"
350,"29616 RILEYS RIDGE  , FORT BEND County, TX 77494"
351,"7338 MCHENRY ST , HARRIS County, TX 77087"
352,"11711 SHADOW CREEK PKWY STE 113, BRAZORIA County, TX 77584"
353,"2520 F M 163 , LIBERTY County, TX 77327"
354,"4111 HWY 90 , WALLER County, TX 77423"
355,"11720 W AIRPORT BLVD STE 1400, FORT BEND County, TX 77477"
356,"128 AND 218 S MATTHEWS , AUSTIN County, TX 77418"
357,"8915 BROADWAY ST APT 9229, HARRIS County, TX 77061"
358,"2520 N MASON RD , HARRIS County, TX 77449"
359,"5431 BARKER CYPRESS RD STE 1500, HARRIS County, TX 77084"
360,"10600A COMMERCE ROW , MONTGOMERY County, TX 77356"
361,"3701 W ALABAMA ST STE 400, HARRIS County, TX 77027"
362,"5115 MARTIN LUTHER KING BLVD , HARRIS County, TX 77021"
363,"19406 CYPRESS NORTH HOUSTON R , HARRIS County, TX 77433"
364,"24025 CINCO VILLAGE CENTER BL , FORT BEND County, TX 77494"
365,"18629A STATE HIGHWAY 249 , HARRIS County, TX 77070"
366,"8650 N SAM HOUSTON PKWY E STE 140, HARRIS County, TX 77396"
367,"4300 E BELTWAY 8 S , HARRIS County, TX 77505"
368,"25785 KATY FWY STE 700, HARRIS County, TX 77494"
369,"3821 E LEAGUE CITY PKWY , GALVESTON County, TX 77573"
370,"19935 HIGHWAY 6 , BRAZORIA County, TX 77578"
371,"15211 FONDREN RD STE B400, FORT BEND County, TX 77489"
372,"4914 RIDGE HARBOR DR , HARRIS County, TX 77053"
373,"7030 ADDICKS CLODINE RD STE 109, HARRIS County, TX 77083"
374,"18838 S MEMORIAL DR STE 101, HARRIS County, TX 77338"
375,"19027 FIRE TOWER HL , HARRIS County, TX 77433"
376,"12422 BEAR VALLEY DR , HARRIS County, TX 77072"
377,"8320 WILD ROSE ST APT 3B, HARRIS County, TX 77083"
378,"12027 GOLDEN LODGE LN , HARRIS County, TX 77066"
379,"18706 RIVER MEADOWS RD , HARRIS County, TX 77084"
380,"12440 OXFORD PARK DR STE A106, HARRIS County, TX 77082"
381,"16711 NEW MARKET LN , HARRIS County, TX 77083"
382,"22548 HIGHWAY 105 W , MONTGOMERY County, TX 77356"
383,"1303 DIAMOND DRAPE DR , BRAZORIA County, TX 77583"
384,"713 TREMONT ST , GALVESTON County, TX 77550"
385,"1730 WILLIAMS TRACE BLVD STE H, FORT BEND County, TX 77478"
386,"40 WILSON RD STE AA, HARRIS County, TX 77338"
387,"19333 HIGHWAY 59 N STE 325, HARRIS County, TX 77338"
388,"4007 RENWOOD FRST , HARRIS County, TX 77084"
389,"7407 FOUNTAINCREST DR , HARRIS County, TX 77041"
390,"8134 ANDERWOOD KNOLL TRCE , FORT BEND County, TX 77407"
391,"3131 LEARNING TREE LANE , FORT BEND County, TX 77471"
392,"6362 MARTIN LUTHER KING BLVD STE E-C, HARRIS County, TX 77021"
393,"10000 EMMETT F LOWRY EXPY STE 1388, GALVESTON County, TX 77591"
394,"1100 WILCREST DR STE 112, HARRIS County, TX 77042"
395,"1853 PEARLAND PKWY STE 109, BRAZORIA County, TX 77581"
396,"12511 COLEMANS WAY , HARRIS County, TX 77089"
397,"7215 FLINTLOCK HOLLOW TRAIL , HARRIS County, TX 77407"
398,"13403 CYPRESS NORTH HOUSTON R , HARRIS County, TX 77429"
399,"3711A W OREM DR , HARRIS County, TX 77045"
400,"5822 HIGHWAY 6 N , HARRIS County, TX 77084"
401,"3311 COUNTY ROAD 353 , BRAZORIA County, TX 77422"
402,"8911 F M 1488 , MONTGOMERY County, TX 77354"
403,"14207 STATE HIGHWAY 249 STE A1, HARRIS County, TX 77086"
404,"17926 HIGHWAY 3 STE 104A, HARRIS County, TX 77598"
405,"1000 FOSTER DR. #4D , MONTGOMERY County, TX 77301"
406,"12807 LOTT AVE , HARRIS County, TX 77089"
407,"10575 HIGHWAY 75 N. , MONTGOMERY County, TX 77378"
408,"1251 FARM TO MARKET  517 RD W , GALVESTON County, TX 77539"
409,"2314 SCHLEIDER DR , BRAZORIA County, TX 77581"
410,"2405 SHADYBEND DR , BRAZORIA County, TX 77581"
411,"9815 MERIDIANA PKWY , FORT BEND County, TX 77583"
412,"15201 WOODLANDS HILLS DR , HARRIS County, TX 77396"
413,"3517 IRVINGTON BLVD STE 101, HARRIS County, TX 77009"
414,"6631 GREENWOOD ORCHARD DRIVE , FORT BEND County, TX 77494"
415,"18215 TRACE POINT LN , FORT BEND County, TX 77407"
